{
  "rmse": 0.12816609850966043,
  "mae": 0.08543123497322315,
  "r2": 0.8510995425254537,
  "per_element_spearman": {
    "macro": 0.5564565505616437,
    "per_element": {
      "Cerium": 0.7243142878702596,
      "Dysprosium": 0.5731864867466643,
      "Erbium": 0.5391027124150601,
      "Europium": 0.6156427070123388,
      "Gadolinium": 0.583210200619809,
      "Holmium": 0.5430014635048908,
      "Lanthanum": 0.7715473086504947,
      "Lutetium": 0.5261741671745959,
      "Neodymium": 0.5731762993638118,
      "Praseodymium": 0.6801229432448902,
      "Samarium": 0.04090979961177375,
      "Terbium": 0.6135897642045711,
      "Thulium": 0.5399492992382552,
      "Ytterbium": 0.5328461525469874,
      "Yttrium": 0.4900746662202529
    },
    "skipped_elements": []
  },
  "per_variant_spearman": {
    "macro": 0.9379008025775878,
    "per_variant": {
      "o-10": 0.8785714285714284,
      "o-102": 0.7642857142857141,
      "o-107": 0.9892536661710624,
      "o-109": 0.9534111420344299,
      "o-11": 0.9498268896207664,
      "o-111": 0.9856694137573991,
      "o-113": 0.9569953944480929,
      "o-114": 0.9820851613437358,
      "o-122": 0.9856694137573991,
      "o-124": 0.9820851613437358,
      "o-128": 0.999106743903916,
      "o-139": 0.9892536661710624,
      "o-144": 0.9964221709983889,
      "o-145": 0.9928379185847258,
      "o-15": 0.9740843925360183,
      "o-150": 0.9820851613437358,
      "o-153": 0.9856694137573991,
      "o-154": 0.9928379185847258,
      "o-16": 0.9820851613437358,
      "o-162": 0.9061665816802961,
      "o-163": 0.999106743903916,
      "o-168": 0.9856694137573991,
      "o-171": 0.9919575006559453,
      "o-174": 0.9705097709120329,
      "o-18": 0.9820851613437358,
      "o-194": 0.9928379185847258,
      "o-195": 0.9462426372071033,
      "o-199": 0.9785009089300726,
      "o-205": 0.9892536661710624,
      "o-213": 0.9848082574079745,
      "o-229": 0.9856694137573991,
      "o-230": 0.9354898799661135,
      "o-233": 0.9856694137573991,
      "o-234": 0.9856694137573991,
      "o-24": 0.9139843654841338,
      "o-241": 0.9820851613437358,
      "o-244": 0.9856694137573991,
      "o-247": 0.9605796468617562,
      "o-252": 0.9892536661710624,
      "o-259": 0.9856694137573991,
      "o-272": 0.9820851613437358,
      "o-275": 0.9892536661710624,
      "o-276": 0.9713324041027462,
      "o-281": 0.9856694137573991,
      "o-282": 0.9713324041027462,
      "o-284": 0.9856694137573991,
      "o-285": 0.9569953944480929,
      "o-296": 0.9820851613437358,
      "o-299": 0.9820851613437358,
      "o-316": 0.9964221709983889,
      "o-318": 0.9820851613437358,
      "o-320": 0.9749166565164095,
      "o-341": 0.9820851613437358,
      "o-344": 0.9749166565164095,
      "o-346": 0.9677481516890828,
      "o-348": 0.9856694137573991,
      "o-35": 0.9749166565164095,
      "o-351": 0.9714285714285713,
      "o-354": 0.9892536661710624,
      "o-36": 0.9713324041027462,
      "o-365": 0.9856694137573991,
      "o-369": 0.9892536661710624,
      "o-370": 0.6881764634233477,
      "o-378": 0.9249999999999998,
      "o-38": 0.9856694137573991,
      "o-380": 0.907142857142857,
      "o-387": 0.9785009089300726,
      "o-395": 0.9865955682199673,
      "o-4": 0.8749999999999999,
      "o-404": 0.9740843925360183,
      "o-418": 0.9669351492880477,
      "o-44": 0.9498268896207664,
      "o-445": 0.9776590141600039,
      "o-448": 0.9579985952280843,
      "o-45": 0.9677481516890828,
      "o-46": 0.9776590141600039,
      "o-462": 0.9955321222799309,
      "o-463": 0.8351308123835418,
      "o-467": 0.9830209465959819,
      "o-469": 0.98838287903196,
      "o-475": 0.9892536661710624,
      "o-479": 0.4050205227439495,
      "o-488": 0.9892536661710624,
      "o-495": 0.9892536661710624,
      "o-496": 0.9955321222799309,
      "o-501": 0.9830209465959819,
      "o-504": 0.9892536661710624,
      "o-506": 0.9955321222799309,
      "o-507": 0.9964221709983889,
      "o-516": 0.9820851613437358,
      "o-517": 0.9749166565164095,
      "o-519": 0.9955321222799309,
      "o-523": 0.9937448114679381,
      "o-525": 0.9964221709983889,
      "o-527": 0.9892536661710624,
      "o-536": 0.7142857142857142,
      "o-545": 0.8892857142857141,
      "o-551": 0.9204650681762376,
      "o-56": 0.9848082574079745,
      "o-569": 0.9856694137573991,
      "o-570": 0.7667563383448659,
      "o-571": 0.8668457438164567,
      "o-581": 0.8865061627483762,
      "o-582": 0.7381593653529828,
      "o-583": 0.7785714285714285,
      "o-584": 0.8928571428571428,
      "o-587": 0.8757822978764203,
      "o-589": 0.8781418413475012,
      "o-591": 0.9785009089300726,
      "o-60": 0.9669351492880477,
      "o-601": 0.6881146626171873,
      "o-603": 0.5487044192817572,
      "o-604": 0.8499999999999999,
      "o-612": 0.5576409733417206,
      "o-613": 0.5933871895815745,
      "o-617": 0.9776590141600039,
      "o-63": 0.999106743903916,
      "o-67": 0.9964221709983889,
      "o-73": 0.9964221709983889,
      "o-79": 0.9605796468617562,
      "o-9": 0.7571428571428571,
      "o-92": 0.9713324041027462,
      "o-96": 0.795353311336749,
      "o-97": 0.98838287903196
    },
    "skipped_variants": []
  },
  "n_fit": 6630,
  "n_early_stop": 750,
  "n_test": 1860,
  "n_fit_variants": 442,
  "n_early_stop_variants": 50,
  "n_test_variants": 124,
  "best_iteration": 60,
  "hyperparameters": {
    "n_estimators": 500,
    "learning_rate": 0.05,
    "max_depth": 6,
    "subsample": 0.8,
    "colsample_bytree": 0.8,
    "objective": "reg:squarederror",
    "tree_method": "hist",
    "random_state": 42,
    "eval_metric": "rmse",
    "early_stopping_rounds": 20
  }
}